open_time,open,high,low,close,volume
1640995200000,46245.7,47933.15,46243.7,47735.07,202.33333
1641081600000,47727.97,47979.13,46718.5,47352.72,109.95626
1641168000000,47285.54,47556.72,45715.07,46430.02,120.78099
1641254400000,46501.03,47514.73,45557.74,45857.43,149.42865
1641340800000,45825.68,47057.69,42499.48,43438.04,233.54681
1641427200000,43399.85,43765.31,42393.03,43092.05,145.47892
1641513600000,43092.05,43123.91,38555.0,41518.5,208.18638
1641600000000,41619.25,42318.88,40505.31,41666.14,148.71233
1641686400000,41677.92,42796.38,41259.16,41851.09,103.55609
1641772800000,41830.38,42382.44,39656.0,41821.89,66.22078
1641859200000,41868.12,43100.01,41296.19,42740.38,65.1701
1641945600000,42740.38,44278.04,42477.12,43885.9,79.77016
1642032000000,43931.52,44409.68,42300.0,42512.72,102.58841
1642118400000,42605.72,43456.67,41766.61,43070.03,65.80214
1642204800000,43066.6,43763.83,42609.8,43116.95,63.0441
1642291200000,43097.36,43462.76,42588.21,43115.11,13.03709
1642377600000,43175.6,43209.07,41583.08,42261.45,32.07987
1642464000000,42249.54,42671.74,41311.4,42393.59,31.972
1642550400000,42425.05,42593.99,41195.31,41692.51,26.81647
1642636800000,41679.39,43500.0,40573.45,40720.7,23.11164
1642723200000,40714.67,41086.52,35500.0,36531.2,54.82078
1642809600000,36455.39,36748.86,34044.0,34991.91,76.08871
1642896000000,35091.48,36507.43,34649.68,36245.0,35.96376
1642982400000,36267.51,37500.0,32640.5,36692.87,53.85423
1643068800000,36600.26,43000.0,35708.5,36920.56,38.868
1643155200000,36821.0,38883.48,36276.7,36848.99,46.38916
1643241600000,36719.4,37228.15,35526.85,37107.51,29.45668
1643328000000,37065.59,37978.68,36178.1,37792.76,23.17095
1643414400000,37706.56,38724.53,37200.63,38185.18,23.86578
1643500800000,38154.33,38365.61,37297.1,37951.03,34.21729
1643587200000,37855.11,38728.24,36612.47,38453.67,48.23573
1643673600000,38396.31,39240.34,38020.4,38738.07,20.61359
1643760000000,38768.81,38813.21,36559.15,36882.33,17.75791
1643846400000,36872.32,37383.76,36216.53,37245.61,20.1935
1643932800000,37216.03,41779.31,37035.94,41561.87,50.86005
1644019200000,41604.3,41921.46,41000.0,41407.83,40.85976
1644105600000,41406.59,42659.41,41191.13,42435.03,11.66211
1644192000000,42466.41,44531.2,41657.77,43867.88,42.81396
1644278400000,43888.38,45507.45,40948.86,44070.46,93.72316
1644364800000,44047.5,44852.19,41300.01,44460.73,62.37012
1644451200000,44426.12,45798.52,43241.7,43544.78,48.52286
1644537600000,43385.36,43926.29,41990.9,42421.44,43.92387
1644624000000,42402.27,43013.9,41760.93,42221.36,16.71846
1644710400000,42228.95,42778.3,41878.81,42175.8,23.36164
1644796800000,42036.45,42839.32,41574.56,42587.31,38.8329
1644883200000,42651.3,44778.45,42459.24,44520.81,33.5237
1644969600000,44533.59,44533.59,43364.93,43766.21,15.49282
1645056000000,43920.73,44179.92,40095.5,40549.1,30.68881
1645142400000,40433.9,40947.43,39523.71,39994.23,32.08709
1645228800000,39982.19,40459.22,39694.53,40116.87,18.0305
1645315200000,40086.67,40088.39,38000.0,38373.36,17.18762
1645401600000,38335.07,39431.52,36785.27,37030.71,42.19413
1645488000000,37047.14,38458.57,36329.17,38251.67,38.59111
1645574400000,38266.92,39278.38,37057.9,37277.06,39.74804
1645660800000,37189.03,39871.68,34340.83,38320.46,99.78896
1645747200000,38381.45,39693.56,38051.64,39215.72,47.61912
1645833600000,39222.32,40300.0,38601.76,39114.32,30.83923
1645920000000,39133.0,39868.93,37001.06,37711.14,26.16146
1646006400000,37726.9,44154.73,37470.06,43193.34,64.5628
1646092800000,43236.76,44942.78,42860.33,44428.18,41.34193
1646179200000,44421.76,45311.0,43374.54,43940.7,33.16856
1646265600000,43874.27,44092.55,41868.23,42483.1,29.73312
1646352000000,42487.33,42487.33,38579.34,39152.61,44.68454
1646438400000,39158.93,39617.45,38669.1,39406.5,23.52846
1646524800000,39384.11,39690.56,38147.13,38401.61,29.92944
1646611200000,38452.88,39526.19,37188.48,38053.84,43.34483
1646697600000,38030.35,39354.41,37893.5,38732.75,55.02028
1646784000000,38763.88,42570.0,38682.04,42000.84,40.37515
1646870400000,41939.76,42019.67,38621.07,39476.99,72.65911
1646956800000,39380.21,40213.51,38279.41,38758.13,54.54701
1647043200000,38771.99,39459.77,38742.34,38742.34,9.58826
1647129600000,38779.28,39308.93,37587.55,37805.84,11.19776
1647216000000,37764.78,39850.0,37582.9,39704.12,23.28295
1647302400000,39635.23,39890.98,38236.09,39280.49,23.57213
1647388800000,39332.06,41637.83,38942.4,41158.11,59.89059
1647475200000,41145.66,41361.29,40447.37,40965.09,13.60953
1647561600000,40931.54,42342.55,40217.15,41869.97,29.05504
1647648000000,41802.44,42386.91,41569.95,42252.8,15.55492
1647734400000,42236.06,42306.5,40911.2,41269.39,12.4102
1647820800000,41313.74,41545.08,40493.11,41072.97,30.8103
1647907200000,41021.25,43451.26,40890.78,42364.05,28.37452
1647993600000,42344.4,42995.34,41696.41,42885.23,18.914
1648080000000,42917.55,44246.42,42666.5,43974.97,26.49236
1648166400000,43984.73,45102.75,43663.6,44321.9,18.43045
1648252800000,44346.64,44800.0,44111.0,44578.91,16.68353
1648339200000,44521.66,46976.78,44425.12,46846.18,13.81969
1648425600000,46791.1,48180.77,46662.4,47093.22,27.51744
1648512000000,47085.8,48103.28,46990.0,47467.1,16.39936
1648598400000,47392.23,47699.68,46305.48,47128.9,13.70297
1648684800000,47027.78,47539.06,40990.0,45515.3,20.4338
1648771200000,45564.0,46705.67,44261.9,46246.44,16.52254
1648857600000,46303.08,47151.18,44944.14,45803.32,12.468
1648944000000,45875.88,47438.76,45564.9,46394.23,14.56921
1649030400000,46246.6,46804.17,45130.05,46629.97,15.11972
1649116800000,46630.11,47132.98,45247.65,45492.37,19.04561
1649203200000,45513.38,45513.38,43118.88,43118.88,23.76239
1649289600000,43248.79,43894.53,42770.47,43433.04,13.27879
1649376000000,43442.71,43962.25,42117.51,42293.59,9.82505
1649462400000,42254.09,42794.19,42079.1,42763.86,6.96582
1649548800000,42763.86,43397.82,41915.04,42146.2,10.45126
1649635200000,42144.25,42429.76,39200.9,39465.05,30.60582
1649721600000,39521.0,40610.83,39288.63,40156.66,23.63045
1649808000000,40107.17,41512.28,39617.99,41101.25,13.82449
1649894400000,41193.35,41501.41,39617.83,39877.35,15.10327
1649980800000,39936.25,40658.85,39841.65,40585.23,10.10089
1650067200000,40520.07,40694.67,40015.1,40405.94,8.69616
1650153600000,40364.57,40519.37,39590.37,39642.26,9.82509
1650240000000,39693.7,41091.21,38582.17,40829.64,13.40059
1650326400000,40844.88,41762.1,40597.51,41527.08,18.3231
1650412800000,41500.17,42155.46,40871.81,41343.95,7.34309
1650499200000,41484.75,42924.75,39819.0,40506.7,13.32225
1650585600000,40368.87,40811.97,39220.23,39809.09,20.58887
1650672000000,39786.9,39951.45,39306.9,39529.68,7.07572
1650758400000,39531.88,39876.9,38920.87,39511.25,8.58296
1650844800000,39472.85,40567.96,38271.08,40502.08,26.72343
1650931200000,40587.29,40735.53,37711.23,38110.09,29.10974
1651017600000,38089.88,39445.01,37889.99,39227.24,19.04091
1651104000000,39244.31,40312.8,38953.7,39733.03,8.87499
1651190400000,39770.12,39865.81,38178.86,38571.27,8.99174
1651276800000,38605.5,38791.66,37615.0,37718.96,4.82142
1651363200000,37639.43,38596.52,37431.8,38436.9,8.07288
1651449600000,38499.64,39149.43,38037.6,38521.18,12.64429
1651536000000,38479.4,38662.8,37521.29,37708.32,19.29221
1651622400000,37695.85,40072.87,37645.99,39672.84,18.21112
1651708800000,39664.4,39764.25,35573.65,36530.91,29.77504
1651795200000,36578.71,36578.71,35304.96,36023.68,18.14034
1651881600000,36022.22,36084.12,34712.11,35456.93,16.13003
1651968000000,35479.61,35479.61,33719.15,33952.47,31.03683
1652054400000,34016.46,34190.82,30000.0,30092.04,47.77661
1652140800000,30164.65,33000.0,29820.38,31038.55,50.95628
1652227200000,31008.32,38000.0,27696.28,28832.6,53.090418
1652313600000,29052.75,34850.0,25115.39,29007.7,66.672301
1652400000000,28919.29,30972.94,28830.33,29286.72,25.61253
1652486400000,29205.05,30288.1,28698.13,30184.14,9.31572
1652572800000,30049.9,31336.13,29480.0,31258.71,7.67556
1652659200000,31201.16,31201.16,29067.2,29825.56,24.5621
1652745600000,29823.76,30719.38,29450.61,30380.61,18.36787
1652832000000,30483.09,30627.09,28650.0,28650.0,25.63167
1652918400000,28747.75,30452.17,28691.45,30274.59,33.86857
1653004800000,30272.66,30678.65,28713.34,29176.85,30.4028
1653091200000,29133.91,29612.63,28899.09,29451.32,9.29987
1653177600000,29407.57,30439.3,29221.82,30267.19,37.88808
1653264000000,30176.27,30628.19,28850.0,29080.18,39.85869
1653350400000,29069.56,29799.26,28650.0,29640.35,29.10217
1653436800000,29627.94,30176.27,29317.18,29516.96,18.11694
1653523200000,29542.51,29826.43,27969.71,29172.03,21.58289
1653609600000,29166.57,29342.67,28286.5,28584.27,28.96798
1653696000000,28602.61,29204.4,28481.48,29008.67,10.67651
1653782400000,28991.68,29541.06,28801.85,29413.09,10.45607
1653868800000,29360.02,32181.69,29294.43,31694.8,39.94447
1653955200000,31669.73,32258.68,30570.0,31745.56,20.74599
1654041600000,31702.92,31935.47,29354.82,29803.82,25.88619
1654128000000,29792.86,30627.09,29551.85,30423.43,9.02611
1654214400000,30416.92,30646.63,29284.21,29717.8,12.19404
1654300800000,29678.32,29953.43,29377.14,29819.05,4.22023
1654387200000,29842.14,30153.21,29512.44,29883.27,6.67488
1654473600000,29914.88,31724.0,29913.86,31320.65,22.27996
1654560000000,31296.69,31549.05,29200.65,31117.61,48.56959
1654646400000,31098.6,31275.6,29834.52,30220.38,22.39149
1654732800000,30168.6,30636.52,29862.87,30089.61,35.13053
1654819200000,30075.64,30333.6,28663.52,29031.38,37.13631
1654905600000,29066.49,29423.8,28054.77,28291.79,18.84211
1654992000000,28408.45,28504.36,26552.98,26552.98,39.33231
1655078400000,26501.0,26851.61,21942.74,22483.32,109.111943
1655164800000,22384.55,29000.0,20878.67,22117.85,54.34083
1655251200000,22092.93,22700.0,20068.3,22486.34,58.63796
1655337600000,22573.47,22879.78,20137.48,20374.84,15.49738
1655424000000,20325.28,21323.82,20226.38,20450.94,11.82412
1655510400000,20503.77,20736.73,17588.01,18975.44,67.894754
1655596800000,18960.25,20733.43,17961.3,20580.59,42.51262
1655683200000,20505.22,21032.01,19626.03,20573.09,20.23593
1655769600000,20573.09,21663.69,20343.46,20675.24,12.90739
1655856000000,20634.33,20823.55,19776.36,19994.71,10.81201
1655942400000,19954.9,21229.07,19871.49,21066.57,11.26773
1656028800000,21087.05,21600.0,20787.64,21197.32,14.15397
1656115200000,21227.81,21590.75,20901.27,21462.97,5.75327
1656201600000,21464.84,21849.86,20948.18,21005.11,10.01507
1656288000000,21020.27,21552.23,20500.0,20710.41,13.81133
1656374400000,20710.41,21186.73,20191.03,20241.46,20.3072
1656460800000,20279.91,20382.2,19865.73,20078.02,38.96528
1656547200000,20087.49,20122.77,18618.74,19867.24,73.46066
1656633600000,19897.75,21363.81,18964.47,19226.61,43.98846
1656720000000,19266.65,19381.21,18978.99,19224.35,39.03361
1656806400000,19229.27,19589.89,18776.89,19293.05,24.51399
1656892800000,19296.09,20325.79,19043.53,20209.49,26.79728
1656979200000,20176.9,20700.0,19257.9,20187.12,29.55602
1657065600000,20166.64,20599.28,19752.68,20571.59,15.91127
1657152000000,20552.49,21821.16,20257.46,21672.63,42.79265
1657238400000,21608.67,22468.18,21182.22,21570.7,20.76052
1657324800000,21601.03,21959.97,21320.55,21589.0,19.0544
1657411200000,21577.37,21591.98,20639.51,20843.3,23.01526
1657497600000,20830.08,20830.08,19878.29,19941.81,55.49965
1657584000000,19946.51,20032.75,19227.34,19304.7,65.03291
1657670400000,19321.07,20293.78,18913.77,20225.36,46.53821
1657756800000,20211.01,20854.8,19624.46,20575.71,24.87354
1657843200000,20568.36,21187.43,20372.42,20824.85,21.40183
1657929600000,20824.53,21528.65,20468.34,21179.66,12.30671
1658016000000,21203.15,21634.06,20765.51,20821.09,14.90799
1658102400000,20800.11,22720.96,20778.91,22654.52,19.53086
1658188800000,22395.69,23711.48,21607.52,23398.97,29.42683
1658275200000,23404.7,24223.95,22858.09,23235.82,36.2562
1658361600000,23274.2,23407.74,22349.56,23158.44,38.45784
1658448000000,23135.58,23746.33,22512.14,22683.81,45.56816
1658534400000,22705.49,22986.59,21941.71,22444.56,27.36737
1658620800000,22516.33,23005.85,22274.8,22598.13,19.50655
1658707200000,22575.96,22579.19,21260.88,21302.21,40.86045
1658793600000,21306.96,21342.09,20735.13,21298.69,41.54607
1658880000000,21252.51,23011.48,21052.19,22960.45,50.08528
1658966400000,22970.72,24185.35,22626.53,23856.13,58.04904
1659052800000,23863.64,24438.7,23437.5,23764.45,48.30195
1659139200000,23792.83,24649.42,22500.0,23634.51,38.92212
1659225600000,23600.0,24150.0,23239.97,23324.17,20.03792
1659312000000,23290.92,23498.18,22867.14,23280.96,24.6373
1659398400000,23242.81,23525.32,22621.82,23007.19,34.0569
1659484800000,22986.11,23643.08,22637.21,22853.47,32.61183
1659571200000,22815.97,23220.39,22400.0,22618.05,52.76108
1659657600000,22601.13,23460.0,22001.0,23320.0,30.77208
1659744000000,23268.49,23350.73,22925.61,22945.58,8.87655
1659830400000,22949.07,23383.5,22885.38,23174.45,18.41827
1659916800000,23183.33,27000.0,23178.08,23827.0,17.74128
1660003200000,23760.48,23909.8,22885.82,23174.18,15.79982
1660089600000,23152.05,24190.52,22700.86,23967.62,32.93145
1660176000000,23998.11,24944.14,22513.79,23957.15,40.75891
1660262400000,23886.5,24459.05,23612.42,24412.69,22.78116
1660348800000,24378.71,24877.64,24313.84,24467.34,17.39368
1660435200000,24435.46,25036.0,24156.45,24304.91,7.58251
1660521600000,24311.66,25209.25,23284.29,24076.56,22.25729
1660608000000,24119.01,24252.33,23685.3,23873.5,29.41654
1660694400000,23847.1,24429.16,23185.77,23351.92,26.80597
1660780800000,23326.05,23576.57,23144.84,23229.27,17.6377
1660867200000,23153.13,23153.13,20800.0,20834.9,40.45425
1660953600000,20866.22,21381.11,20777.3,21117.53,19.51054
1661040000000,21117.63,21788.39,21053.0,21518.38,15.2536
1661126400000,21492.21,21510.72,20905.46,21398.01,31.88799
1661212800000,21392.59,21666.58,20895.58,21554.71,14.93752
1661299200000,21512.82,21860.03,21161.22,21367.06,15.94033
1661385600000,21352.72,21800.55,21317.43,21595.44,17.9735
1661472000000,21530.8,21833.33,20127.53,20252.46,25.01513
1661558400000,20207.65,20348.55,19782.44,20035.1,15.63595
1661644800000,20016.44,20146.41,19000.0,19552.21,12.90021
1661731200000,19555.47,20397.21,19555.47,20296.11,14.57824
1661817600000,20243.58,20573.86,19582.17,19785.55,11.51251
1661904000000,19822.19,20450.0,19813.0,20053.56,15.54062
1661990400000,20039.52,20207.28,19552.58,20138.88,15.28371
1662076800000,20104.23,20438.5,19765.63,19957.35,18.11583
1662163200000,19967.45,20042.72,19655.55,19832.58,13.63983
1662249600000,19837.27,20015.0,19586.19,19993.93,23.30366
1662336000000,20011.11,20250.0,19646.59,19793.5,9.80311
1662422400000,19798.12,20499.0,18674.22,18790.1,27.99939
1662508800000,18802.52,19435.4,18524.69,19266.84,12.15593
1662595200000,19300.0,19468.64,18909.91,19331.27,13.66833
1662681600000,19330.29,21534.0,19330.29,21395.44,26.03124
1662768000000,21373.9,21795.31,21152.5,21678.62,17.19236
1662854400000,21661.97,21857.52,21372.88,21833.33,13.12965
1662940800000,21840.88,22478.87,21576.27,22389.83,29.81405
1663027200000,22378.6,22776.18,19930.54,20170.23,27.13205
1663113600000,20135.92,20529.1,19660.77,20225.07,26.04692
1663200000000,20213.45,20332.93,19503.07,19686.27,33.74642
1663286400000,19699.04,19890.05,19338.67,19804.93,17.37166
1663372800000,19806.83,20247.75,19762.43,20113.87,16.66727
1663459200000,20085.85,20099.38,19337.63,19398.79,14.04729
1663545600000,19424.37,19663.83,18266.71,19555.28,27.68018
1663632000000,19554.56,19634.94,18723.45,18883.44,12.93086
1663718400000,18894.33,19975.44,18145.92,18470.61,23.58459
1663804800000,18452.2,19516.71,18373.0,19444.07,24.03541
1663891200000,19402.77,20099.38,18500.0,19305.86,23.64307
1663977600000,19289.74,19308.39,18812.07,18935.57,20.59182
1664064000000,18942.65,19176.87,18621.9,18794.74,35.02001
1664150400000,18802.68,19306.75,18674.22,19223.58,24.12054
1664236800000,19213.03,20372.42,18830.3,19098.54,26.28933
1664323200000,19095.21,19695.93,18500.0,19410.43,24.4475
1664409600000,19413.73,19586.19,19315.71,19446.02,0.84387
1678492800000,19628.25,20888.0,19628.25,20612.44,6.95991
1678579200000,20586.1,22170.74,19983.82,21956.85,10.80018
1678665600000,22122.96,35994.87,21886.33,24185.94,62.56936
1678752000000,24199.05,26344.33,23826.47,24869.5,14.35716
1678838400000,24590.0,25264.91,21265.76,24370.01,60.36815
1678924800000,24360.01,25178.59,24213.75,25054.57,35.53149
1679011200000,25025.07,27777.77,24807.41,27434.07,55.04263
1679097600000,27448.61,27750.24,26700.0,26992.76,41.43252
1679184000000,26993.54,28463.1,26919.0,28049.39,48.42585
1679270400000,28050.17,28541.69,26684.06,27812.19,69.94151
1679356800000,27812.18,28469.04,27376.24,28158.0,185.425
1679443200000,28155.01,28860.1,26695.35,27320.05,4107.86502
1679529600000,27318.36,28766.0,27193.21,28348.06,6499.42438
1679616000000,28347.93,28422.0,27058.52,27488.06,6240.82103
1679702400000,27488.06,27800.0,27196.39,27496.81,5652.53796
1679788800000,27496.01,28200.0,27452.77,28003.32,6407.15865
1679875200000,28001.37,28050.0,26544.37,27146.81,11489.73034
1679961600000,27146.8,27500.0,26655.82,27272.88,14112.25709
1680048000000,27273.38,28650.0,27253.64,28363.05,17642.38874
1680134400000,28360.71,29187.93,27700.0,28035.45,28645.90941
1680220800000,28033.09,28640.0,27508.0,28469.72,26207.59585
1680307200000,28469.72,28830.0,28244.0,28459.62,17766.76831
1680393600000,28461.33,28535.65,27871.0,28193.0,19380.73202
1680480000000,28192.96,28500.26,27250.0,27811.09,34292.55262
1680566400000,27810.02,28445.45,27674.96,28174.33,29591.44105
1680652800000,28174.33,28779.0,27820.0,28176.22,30060.39287
1680739200000,28174.87,28194.0,27718.0,28044.42,25722.69893
1680825600000,28044.44,28118.0,27790.0,27919.35,17508.42442
1680912000000,27919.21,28166.66,27870.0,27953.46,15146.11322
1680998400000,27953.47,28534.17,27800.0,28328.92,23004.06871
1681084800000,28327.76,29778.21,28174.92,29650.7,35207.94542
1681171200000,29648.37,30568.51,29607.23,30216.89,40639.8468
1681257600000,30216.87,30500.0,29666.66,29911.55,43620.32892
1681344000000,29911.45,30611.98,29875.73,30405.5,43773.06921
1681430400000,30407.05,31073.61,30000.0,30490.0,48525.85093
1681516800000,30490.34,30625.0,30233.93,30324.29,26322.61453
1681603200000,30324.28,30574.0,30142.48,30323.15,30366.7792
1681689600000,30322.06,30344.14,29250.11,29450.16,44429.02793
1681776000000,29450.13,30495.01,29115.24,30387.27,51972.14478
1681862400000,30387.2,30418.41,28600.01,28815.05,56079.82422
1681948800000,28818.69,29110.0,28001.0,28255.22,53141.69363
1682035200000,28253.28,28387.31,27143.33,27270.02,47614.79214
1682121600000,27271.3,27897.47,27160.0,27824.92,31534.24197
1682208000000,27824.93,27828.48,27350.0,27602.9,31392.63947
1682294400000,27602.9,28022.36,27002.66,27531.17,56076.37284
1682380800000,27531.16,28410.57,27207.98,28318.7,58044.84194
1682467200000,28318.7,30065.88,27263.0,28445.0,93720.9851
1682553600000,28445.86,29940.0,28405.37,29515.79,74979.10387
1682640000000,29515.79,29647.84,28914.17,29338.41,41741.86542
1682726400000,29339.73,29468.7,29060.81,29254.87,22012.70614
1682812800000,29253.86,29972.0,28942.1,29000.32,33055.20687
1682899200000,29000.36,29052.53,27561.02,27993.04,26208.83684
1682985600000,27993.04,28900.0,27797.46,28700.81,34897.97146
1683072000000,28701.03,29285.93,28144.44,29042.99,47371.76221
1683158400000,29048.31,29400.0,28690.02,28865.4,48028.34417
1683244800000,28866.52,29708.55,28825.0,29533.97,46223.62572
1683331200000,29532.15,29850.0,28388.0,28896.34,33936.28628
1683417600000,28896.29,29173.46,28437.5,28472.77,25241.6332
1683504000000,28472.77,28673.67,27288.22,27701.59,34562.96969
1683590400000,27701.59,27853.69,27378.93,27655.26,35084.72203
1683676800000,27655.26,28340.0,26800.0,27625.07,59128.7589
1683763200000,27625.07,27656.0,26721.0,26990.71,52783.61571
1683849600000,26991.98,27111.89,25822.0,26810.74,54963.37325
1683936000000,26812.5,27062.94,26701.41,26789.44,24605.49647
1684022400000,26789.12,27218.49,26569.08,26938.48,26360.52471
1684108800000,26939.51,27678.39,26754.78,27185.22,51100.45154
1684195200000,27185.21,27317.71,26867.79,27050.24,47244.38157
1684281600000,27050.24,27520.0,26544.47,27415.92,53670.73188
1684368000000,27414.81,27495.7,26371.01,26832.77,61676.75601
1684454400000,26832.77,27192.0,26629.0,26890.67,53183.31
1684540800000,26891.67,27176.4,26834.81,27118.23,20733.30027
1684627200000,27117.92,27298.63,26677.27,26764.06,27823.82234
1684713600000,26764.06,27113.41,26551.31,26863.52,51928.57474
1684800000000,26863.17,27500.0,26805.79,27230.07,57502.70953
1684886400000,27231.38,27235.4,26084.06,26335.51,67748.75737
1684972800000,26335.68,26639.9,25883.64,26481.72,69855.62016
1685059200000,26482.51,26943.11,26335.79,26709.08,57504.90175
1685145600000,26709.44,26894.66,26542.88,26862.13,34479.88578
1685232000000,26862.2,28265.0,26772.0,28074.9,59393.38966
1685318400000,28074.47,28451.67,27515.0,27747.07,66565.30965
1685404800000,27747.08,28054.74,27560.0,27705.72,66562.20607
1685491200000,27706.0,27852.0,26852.3,27225.89,80743.89961
1685577600000,27225.76,27376.47,26600.0,26832.61,84650.2104
1685664000000,26832.09,27310.0,26500.43,27253.39,96753.18164
1685750400000,27253.54,27340.0,26923.33,27082.25,41864.5267
1685836800000,27082.21,27480.0,26960.0,27130.59,55428.29922
1685923200000,27130.71,27147.42,25400.0,25748.2,131533.59206
1686009600000,25748.22,27378.54,25361.25,27248.27,107365.59747
1686096000000,27248.5,27405.0,26029.09,26362.02,95533.35116
1686182400000,26361.75,26834.04,26229.09,26516.47,58299.3047
1686268800000,26518.33,26800.0,26290.59,26502.93,49281.52201
1686355200000,26502.61,26553.34,25461.76,25976.83,72699.76159
1686441600000,25975.02,26241.3,25728.96,25965.91,44642.58871
1686528000000,25965.91,26141.3,25648.15,25948.49,56609.48434
1686614400000,25947.18,26427.6,25701.73,25909.63,65040.19049
1686700800000,25909.64,26047.39,24784.68,25095.38,55603.36961
1686787200000,25095.39,25696.97,24720.2,25527.5,58144.94944
1686873600000,25527.66,26443.6,25100.0,26273.26,56051.22174
1686960000000,26273.17,26737.55,26113.4,26444.26,35077.98958
1687046400000,26444.28,26607.71,26192.16,26273.47,32180.80552
1687132800000,26273.14,26987.59,26191.26,26773.52,52925.65684
1687219200000,26774.17,28327.0,26587.07,28223.0,77300.99159
1687305600000,28224.73,30798.0,28173.61,29984.05,120694.41774
1687392000000,29984.29,30499.0,29529.0,29907.99,74424.40464
1687478400000,29907.87,31416.7,29820.0,30717.8,106802.46088
1687564800000,30717.81,30829.75,30280.91,30557.23,51389.8895
1687651200000,30559.12,31067.92,30303.67,30495.68,56998.66685
1687737600000,30495.94,30690.53,29958.67,30297.1,80670.36174
1687824000000,30295.76,31026.0,30255.23,30722.64,80347.09547
1687910400000,30722.64,30743.34,29888.19,30117.88,53737.0026
1687996800000,30117.68,30866.66,30084.48,30494.14,30376.55117
1688083200000,30494.15,31317.47,29582.35,30509.22,70473.96976
1688169600000,30509.26,30699.1,30354.26,30622.24,25587.34886
1688256000000,30622.23,30825.0,30200.0,30649.64,35139.75545
1688342400000,30649.64,31382.71,30582.23,31156.21,53003.90266
1688428800000,31158.39,31326.0,30618.91,30771.01,42948.24952
1688515200000,30771.03,30876.02,30195.23,30495.66,45229.39142
1688601600000,30495.96,31515.83,29846.6,29893.79,85219.91709
1688688000000,29897.87,30450.0,29696.88,30343.51,48579.54696
1688774400000,30343.53,30389.12,30051.0,30287.59,24562.41519
1688860800000,30287.64,30454.87,30080.0,30180.0,30192.63642
1688947200000,30180.81,31066.43,29956.6,30426.47,60874.22134
1689033600000,30427.82,30828.3,30321.35,30635.51,52363.51777
1689120000000,30635.46,30993.83,30229.25,30401.17,64287.57533
1689206400000,30401.02,31810.7,30269.48,31465.94,80776.07371
1689292800000,31465.03,31639.35,29926.11,30338.13,66778.71123
1689379200000,30338.23,30410.9,30257.59,30313.0,21370.87261
1689465600000,30313.05,30456.0,30082.62,30253.47,27044.83986
1689552000000,30253.48,30358.04,29677.41,30156.55,47313.00516
1689638400000,30156.55,30256.29,29535.0,29866.61,48346.46494
1689724800000,29867.71,30196.29,29762.5,29915.62,47595.74649
1689811200000,29915.63,30420.0,29583.85,29818.94,53470.51118
1689897600000,29818.92,30081.95,29736.02,29913.09,38655.97552
1689984000000,29913.55,30019.05,29647.05,29806.18,24534.38996
1690070400000,29805.7,30359.0,29744.78,30087.55,36659.89433
1690156800000,30087.56,30107.42,28880.08,29197.12,65204.26091
1690243200000,29195.39,29390.0,29063.1,29244.62,39833.26476
1690329600000,29244.65,29702.82,29108.84,29373.99,56097.74695
1690416000000,29374.0,29593.0,29104.83,29246.79,54467.05168
1690502400000,29246.66,29568.2,29152.0,29341.14,61946.43459
1690588800000,29340.9,29433.2,29280.0,29382.37,28532.59224
1690675200000,29382.35,29490.0,29086.2,29333.85,40804.81688
1690761600000,29333.45,29578.78,29151.34,29275.44,72725.2713
1690848000000,29276.37,29722.42,28582.0,29689.52,102152.46038
1690934400000,29690.66,30005.0,28913.42,29164.0,95913.24461
1691020800000,29164.0,29394.29,28939.39,29162.31,72631.40878
1691107200000,29162.15,29293.95,28771.53,29082.59,65101.65261
1691193600000,29082.04,29126.15,28944.76,29041.94,22942.32905
1691280000000,29041.94,29197.37,28982.98,29077.47,23690.10181
1691366400000,29077.47,29273.82,28688.93,29202.45,61529.45217
1691452800000,29202.45,30199.0,29130.52,29748.57,80428.95006
1691539200000,29748.57,30133.67,29368.88,29580.0,75227.64759
1691625600000,29580.01,29736.13,29330.0,29456.28,55816.33577
1691712000000,29456.28,29562.61,29248.67,29425.38,45892.42126
1691798400000,29425.38,29480.33,29373.01,29429.08,19278.45842
1691884800000,29429.06,29486.84,29287.75,29320.89,24977.97456
1691971200000,29320.27,29719.56,29116.84,29450.35,73378.99019
1692057600000,29450.32,29503.0,29077.0,29204.66,57339.29651
1692144000000,29203.26,29266.66,28716.7,28732.03,54048.2793
1692230400000,28730.52,28787.49,25066.11,26660.42,107017.63319
1692316800000,26660.05,26866.0,25627.96,26071.48,103166.60358
1692403200000,26071.48,26288.81,25808.0,26106.7,45512.20596
1692489600000,26106.7,26300.0,25972.08,26191.44,35056.07805
1692576000000,26191.44,26264.28,25807.2,26130.17,69660.42477
1692662400000,26131.61,26147.3,25350.0,26065.93,70572.98817
1692748800000,26065.93,26835.69,25824.0,26441.68,71265.83477
1692835200000,26443.52,26587.54,25868.0,26188.8,52763.03113
1692921600000,26187.0,26328.0,25792.0,26072.81,54496.65725
1693008000000,26072.81,26138.1,25995.3,26028.71,15376.176
1693094400000,26028.71,26196.29,25978.23,26110.76,19139.28817
1693180800000,26110.76,26270.84,25881.45,26130.49,47210.7938
1693267200000,26129.9,28161.36,25935.07,27727.65,112214.91099
1693353600000,27727.65,27785.2,27037.0,27330.0,70257.46709
1693440000000,27330.64,27616.58,25707.51,25983.88,77152.04515
1693526400000,25984.01,26214.56,25388.41,25858.6,69730.64203
1693612800000,25858.97,26030.86,25804.06,25909.0,27453.95406
1693699200000,25909.0,26179.72,25841.89,26017.53,33737.46209
1693785600000,26017.51,26149.86,25663.69,25861.38,47214.59311
1693872000000,25861.4,25937.83,25593.94,25826.17,56592.94289
1693958400000,25826.14,26070.0,25411.0,25798.95,67762.16277
1694044800000,25798.95,26479.18,25658.88,26299.99,24583.67772
1694131200000,26299.99,26486.37,25692.0,25945.99,12944.89544
1694217600000,25945.98,25974.34,25831.0,25938.22,2791.22407
1694304000000,25938.21,26075.0,25622.58,25880.01,5581.23306
1694390400000,25880.01,25937.0,24944.72,25201.25,15142.6844
1694476800000,25201.25,26580.32,25174.43,25870.86,17959.76608
1694563200000,25870.87,26437.71,25797.93,26254.42,10382.24417
1694649600000,26254.42,26889.05,26161.0,26559.9,8997.89631
1694736000000,26559.9,26927.63,26266.02,26637.02,5754.36427
1694822400000,26637.02,26800.0,26485.43,26583.0,2682.37531
1694908800000,26583.0,26650.0,26432.0,26555.76,2255.15895
1694995200000,26555.34,27434.86,26408.89,26788.73,9845.42423
1695081600000,26788.72,27506.54,26695.81,27233.72,9265.48231
1695168000000,27234.04,27412.88,26828.84,27152.54,6251.90351
1695254400000,27152.54,27188.23,26416.81,26602.48,5647.06747
1695340800000,26602.49,26779.99,26509.18,26620.44,2953.09572
1695427200000,26620.44,26664.69,26555.77,26610.23,1015.66102
1695513600000,26610.23,26767.28,26168.19,26287.16,1814.86947
1695600000000,26286.86,26475.82,26026.0,26338.32,3354.60893
1695686400000,26338.33,26430.41,26132.53,26254.94,2813.30136
1695772800000,26254.94,26875.69,26153.65,26407.0,4719.30695
1695859200000,26407.46,27345.11,26378.95,27053.12,5084.98359
1695945600000,27054.6,27272.72,26710.4,26942.07,3385.75207
1696032000000,26942.07,27129.76,26923.17,27003.0,1120.87266
1696118400000,27003.0,28085.13,26996.5,28024.22,2856.63857
1696204800000,28024.22,28588.0,27333.0,27532.89,7663.90094
1696291200000,27532.88,27708.02,27212.0,27468.0,3677.76252
1696377600000,27468.0,27866.43,27250.0,27811.14,3626.65814
1696464000000,27811.14,28145.03,27386.2,27445.2,3524.45091
1696550400000,27445.2,28271.42,27212.8,27961.0,4324.59168
1696636800000,27960.0,28053.11,27871.8,27988.81,1219.25714
1696723200000,27988.8,28122.64,27729.76,27952.9,2048.25137
1696809600000,27952.01,28019.95,27301.99,27626.04,3522.05037
1696896000000,27626.06,27767.97,27300.0,27382.27,2504.93979
1696982400000,27383.07,27474.98,26547.0,26891.27,3752.25825
1697068800000,26890.01,26954.99,26580.0,26787.83,2121.30489
1697155200000,26786.21,27139.05,26709.45,26878.58,2129.13364
1697241600000,26878.59,27000.0,26819.3,26877.11,689.03085
1697328000000,26877.12,27320.0,26838.0,27180.96,1495.74457
1697414400000,27180.96,29985.0,27141.38,28523.92,8653.23291
1697500800000,28523.92,28635.67,28100.0,28428.5,3527.53478
1697587200000,28426.34,29006.41,28177.04,28351.71,3179.23921
1697673600000,28351.7,28929.99,28151.8,28738.71,3201.96141
1697760000000,28738.34,30212.0,28610.18,29697.89,6002.89867
1697846400000,29697.9,30377.0,29500.0,29940.0,3147.43217
1697932800000,29939.99,30266.0,29681.62,30024.0,2508.59409
1698019200000,30024.1,34790.6,29917.65,33093.16,10427.6536
1698105600000,33094.0,35295.07,32874.0,33971.97,10988.42455
1698192000000,33967.99,35165.08,33740.74,34545.67,6012.87953
1698278400000,34545.99,34869.71,33820.38,34222.59,3617.96967
1698364800000,34219.7,34313.41,33423.03,33911.0,3380.27239
1698451200000,33911.01,34475.0,33874.59,34085.45,1763.10628
1698537600000,34085.45,34741.83,33950.0,34526.12,1757.84361
1698624000000,34526.04,34878.72,34102.35,34489.01,2601.80951
1698710400000,34489.31,34720.0,34055.56,34648.08,2374.9587
1698796800000,34649.32,35561.72,34105.28,35428.8,4643.96407
1698883200000,35428.97,35985.75,34367.1,34975.0,4370.44432
1698969600000,34975.73,34977.97,34173.0,34758.01,2388.2462
1699056000000,34758.0,35286.0,34627.03,35101.0,1030.60617
1699142400000,35102.51,35408.0,34518.81,35068.34,1833.44585
1699228800000,35068.0,35320.52,34805.81,35087.12,1707.84852
1699315200000,35088.0,35904.38,34585.71,35434.47,2441.39125
1699401600000,35434.0,36128.0,35150.0,35666.0,2686.60033
1699488000000,35663.45,38000.0,35581.12,36751.01,5715.0875
1699574400000,36751.43,37566.93,36413.54,37354.78,2825.90534
1699660800000,37359.0,37448.9,36774.95,37201.31,1302.82089
1699747200000,37199.87,37278.14,36811.94,37129.99,765.47582
1699833600000,37129.99,37458.99,36400.0,36525.0,1756.14059
1699920000000,36524.55,36788.0,34855.0,35604.15,2860.08794
1700006400000,35604.45,37982.74,35422.0,37883.87,3192.31681
1700092800000,37884.0,37947.7,35558.83,36211.0,3216.67717
1700179200000,36212.47,36811.0,35919.18,36659.36,2625.04991
1700265600000,36659.99,36888.0,36243.72,36626.38,941.64625
1700352000000,36628.31,37550.0,36440.01,37404.98,1161.63806
1700438400000,37409.0,37786.74,36750.0,37499.01,2409.17934
1700524800000,37501.37,37694.99,35810.43,35819.5,3299.41445
1700611200000,35819.51,37898.98,35717.65,37454.52,2966.51726
1700697600000,37454.01,37685.0,36919.22,37341.7,1643.10043
1700784000000,37341.72,38457.6,37306.0,37771.0,3148.86013
1700870400000,37771.03,37939.33,37670.02,37841.02,655.09153
1700956800000,37841.02,37873.78,37234.84,37533.72,1198.65574
1701043200000,37533.72,37658.34,36875.0,37364.76,1991.95369
1701129600000,37364.75,38445.0,37002.25,37901.06,1955.42487
1701216000000,37901.19,38500.0,37671.06,37950.0,1933.00795
1701302400000,37950.0,38228.09,37571.02,37789.0,1218.80989
1701388800000,37789.33,39002.34,37681.66,38730.01,2234.18223
1701475200000,38733.46,39777.0,38695.64,39520.63,1390.50764
1701561600000,39516.42,40312.0,39351.94,40033.17,1419.70608
1701648000000,40033.17,42514.72,40031.63,42129.74,3468.23887
1701734400000,42129.73,44573.26,41515.03,44182.89,4466.59125
1701820800000,44182.9,44368.0,43515.97,43890.69,2824.34935
1701907200000,43888.41,44163.0,42968.76,43359.93,2205.26809
1701993600000,43361.8,44844.0,43170.0,44250.0,1918.60671
1702080000000,44250.0,44434.99,43626.73,43775.98,1240.95911
1702166400000,43775.98,44108.49,43639.89,43850.0,841.14466
1702252800000,43850.0,43868.72,40327.34,41354.98,2876.18503
1702339200000,41354.0,42156.85,40742.08,41551.11,1806.79944
1702425600000,41551.11,43500.0,40680.0,42935.01,2134.16864
1702512000000,42938.71,43455.0,41489.18,43069.65,1318.47159
1702598400000,43069.66,43125.26,41705.0,41993.0,1147.91423
1702684800000,41999.99,42755.0,41695.5,42393.41,1239.03882
1702771200000,42398.99,42484.1,41324.73,41476.34,1028.19964
1702857600000,41483.62,42800.0,40618.13,42694.69,1709.72076
1702944000000,42694.58,43477.52,41700.02,42203.0,1637.69762
1703030400000,42204.0,44285.0,42165.0,43670.0,3669.12108
1703116800000,43670.67,44234.99,43300.0,43855.94,1532.24699
1703203200000,43855.95,44380.0,43417.51,43966.98,1233.74812
1703289600000,43966.99,43986.99,43304.24,43709.99,707.2909
1703376000000,43709.99,43942.34,42700.0,43078.05,1036.65696
1703462400000,43077.0,43880.22,42826.99,43696.77,1101.25069
1703548800000,43696.77,43709.4,41670.0,42552.5,1088.00425
1703635200000,42552.5,43654.16,42158.14,43416.65,934.70588
1703721600000,43413.32,43774.0,42270.0,42567.0,1021.09301
1703808000000,42565.01,43100.0,41323.47,42077.2,1296.07388
1703894400000,42074.01,42636.36,41525.45,42170.25,695.66963
1703980800000,42170.24,42947.99,42048.41,42416.75,722.52878
1704067200000,42416.75,44275.0,42299.35,44262.48,866.72108
1704153600000,44266.18,46019.99,44228.72,45063.0,2329.77156
1704240000000,45067.0,45521.82,40800.0,42902.72,2271.7154
1704326400000,42902.99,44709.0,42675.0,44123.0,1735.71366
1704412800000,44126.96,44347.0,42502.0,44144.99,1949.64418
1704499200000,44145.0,44204.02,43405.0,43965.97,623.68208
1704585600000,43960.2,44500.0,43661.0,44033.0,989.69399
1704672000000,44032.99,47351.7,43285.0,47125.0,2499.3197
1704758400000,47125.0,48450.0,45111.0,46310.02,2576.60437
1704844800000,46318.79,47872.09,44538.43,46829.99,2749.48721
1704931200000,46838.26,49111.0,45811.01,46536.27,3038.27599
1705017600000,46536.27,46705.21,41750.0,42984.0,2064.55472
1705104000000,42986.0,43461.52,42649.53,43062.97,857.17269
1705190400000,43058.55,43288.0,41943.13,41965.49,690.85042
1705276800000,41956.19,43760.0,41941.65,42998.93,2486.40587
1705363200000,42998.92,43990.99,42646.22,43580.43,1533.09987
1705449600000,43580.43,43642.51,42848.43,43406.14,704.05778
1705536000000,43406.14,43915.11,41222.0,41856.01,1361.25306
1705622400000,41859.97,42694.12,40865.67,42234.87,858.45353
1705708800000,42223.86,42339.6,41957.38,42166.01,273.17122
1705795200000,42166.01,42419.51,41962.85,42071.01,300.01559
1705881600000,42066.78,42158.41,40120.0,40221.26,1026.1655
1705968000000,40234.9,40738.46,39178.94,40547.2,843.62766
1706054400000,40546.28,41200.0,40060.01,40645.98,558.87068
1706140800000,40645.98,40969.64,40271.9,40633.81,459.74106
1706227200000,40638.44,42679.0,40500.8,42248.0,1043.9717
1706313600000,42248.02,42648.99,41915.0,42595.5,272.828
1706400000000,42599.0,43294.0,42130.02,42486.85,525.18226
1706486400000,42494.74,43790.69,42331.4,43741.95,506.17111
1706572800000,43741.95,44328.52,43183.73,43420.0,554.05511
1706659200000,43411.77,44226.3,42813.0,43107.88,607.41242
1706745600000,43107.01,43808.07,42439.68,43623.52,470.07172
1706832000000,43625.0,43987.62,43137.96,43731.99,404.90558
1706918400000,43732.0,43900.0,43428.47,43550.0,188.29082
1707004800000,43557.16,43691.39,42870.95,43222.65,216.61101
1707091200000,43223.47,44132.89,42917.54,43493.33,467.96867
1707177600000,43493.34,44012.44,43314.61,43729.29,341.72839
1707264000000,43732.19,44937.53,43528.48,44889.0,487.8054
1707350400000,44893.61,46405.41,44880.66,46148.67,641.48582
1707436800000,46148.67,48850.0,46083.45,47884.72,823.20187
1707523200000,47885.66,48942.0,47700.0,48554.66,338.20677
1707609600000,48554.66,49359.99,48381.64,49170.0,347.35166
1707696000000,49170.0,51185.17,48712.0,50873.65,751.59295
1707782400000,50860.0,51449.54,48916.13,50365.0,745.85733
1707868800000,50364.02,52626.84,49789.09,52468.44,989.00932
1707955200000,52468.45,53806.49,52377.0,52944.59,861.63126
1708041600000,52927.03,53650.0,52642.67,53317.42,483.85219
1708128000000,53317.42,53371.16,51997.45,53004.56,319.67092
1708214400000,53004.75,53435.0,52333.0,53181.02,359.40883
1708300800000,53187.56,53722.21,52900.0,53057.71,510.31511
1708387200000,53059.79,54086.36,51953.89,53509.75,854.52022
1708473600000,53512.98,53598.4,51840.0,53132.06,533.21342
1708560000000,53123.54,53340.39,52284.38,52648.97,490.63372
1708646400000,52648.97,52892.84,51873.25,52057.34,426.74127
1708732800000,52061.42,53089.0,51921.87,52952.02,165.06183
1708819200000,52952.01,53321.2,52658.04,53078.11,264.61107
1708905600000,53078.11,56184.13,52293.61,55840.59,744.41014
1708992000000,55828.71,59420.24,55803.32,58953.44,1074.21016
1709078400000,58961.07,66212.26,58571.15,65049.11,2867.16326
1709164800000,65045.25,65057.7,60407.21,61166.62,1440.99287
1709251200000,61152.77,63125.36,60800.0,62399.67,390.86013
1709337600000,62393.57,62446.01,61585.48,62004.14,237.73354
1709424000000,62004.14,63230.12,61338.61,63100.35,352.3239
1709510400000,63110.89,68452.52,62366.66,68193.9,1145.24096
1709596800000,68193.89,69081.09,59325.93,63754.97,1517.56579
1709683200000,63748.83,67643.16,62817.74,66083.72,846.1448
1709769600000,66098.02,67960.38,65576.34,66832.26,347.93913
1709856000000,66838.92,69896.09,66071.28,68011.38,600.35724
1709942400000,68011.38,68449.99,67723.1,68206.06,181.72567
1710028800000,68206.06,69727.94,68095.25,68939.98,479.33849
1710115200000,68924.67,72659.99,67116.0,71987.92,760.54358
1710201600000,71972.39,72985.0,68710.98,71423.69,539.84184
1710288000000,71416.75,73402.32,71300.0,72981.66,479.12404
1710374400000,72989.0,73667.0,68650.68,71432.31,968.48436
1710460800000,71442.0,72424.23,65540.0,69388.57,741.73684
1710547200000,69399.99,69970.01,64788.0,65246.61,355.60734
1710633600000,65261.57,68763.62,64500.0,68286.26,209.86925
1710720000000,68285.71,68788.9,66524.88,67469.48,421.22979
1710806400000,67482.98,67969.03,61395.55,61836.63,1292.51126
1710892800000,61779.85,67559.31,60686.03,67346.21,1593.44405
1710979200000,67356.74,67640.03,64274.71,65159.09,739.63504
1711065600000,65170.43,66246.32,61831.0,63321.64,632.34484
1711152000000,63339.06,65325.77,62549.99,63352.03,231.81631
1711238400000,63352.01,65900.0,63010.01,65491.58,253.34229
1711324800000,65469.75,69596.5,64655.74,68535.0,341.14243
1711411200000,68533.75,70120.0,68044.17,68601.0,187.02149
1711497600000,68606.92,70707.04,68114.07,69359.16,237.83944
1711584000000,69391.18,71478.0,68800.88,70687.97,167.49265
1711670400000,70702.18,70800.0,69024.05,69822.76,129.12663
1711756800000,69833.97,70279.99,69562.34,69591.3,51.01678
1711843200000,69606.35,71371.49,69576.63,71289.94,106.96991
1711929600000,71289.93,71289.93,68003.07,69707.86,177.42492
1712016000000,69707.86,69724.21,64612.31,65493.13,333.48855
1712102400000,65468.36,66877.61,64534.14,65972.46,150.80655
1712188800000,65971.83,69219.22,65062.19,68472.23,241.5102
1712275200000,68489.66,68743.18,66000.0,67836.56,287.1434
1712361600000,67827.33,69619.84,67470.01,68868.36,86.87298
1712448000000,68870.96,70262.41,68812.65,69330.05,122.98704
1712534400000,69300.01,72622.36,69032.26,71580.62,269.66536
1712620800000,71581.53,71693.65,68250.0,69164.8,322.01436
1712707200000,69138.79,71070.0,67577.63,70593.97,218.23561
1712793600000,70578.48,71222.01,69577.46,70014.58,198.52863
1712880000000,70014.56,71206.65,65375.42,67211.35,219.31179
1712966400000,67211.35,68016.37,60719.55,64044.37,257.47075
1713052800000,63974.46,65912.43,62216.9,65762.47,152.60652
1713139200000,65777.78,66900.2,62421.43,63492.92,229.37056
1713225600000,63506.46,64394.78,61666.01,63869.25,252.65308
1713312000000,63854.34,64540.0,59774.42,61305.34,224.70424
1713398400000,61312.75,64091.69,60851.39,63448.47,209.87423
1713484800000,63462.69,65421.68,59666.99,63796.78,323.65888
1713571200000,63816.44,65381.41,63106.19,64927.21,138.06209
1713657600000,64927.2,65655.28,64245.29,64901.03,75.41964
1713744000000,64921.4,67100.0,64512.1,66684.63,153.21275
1713830400000,66696.49,67049.42,65726.71,66254.49,130.13655
1713916800000,66246.43,66905.89,63553.44,64222.09,176.78843
1714003200000,64240.69,65201.14,62775.6,64446.08,150.49273
1714089600000,64464.18,64750.0,63316.87,63780.77,143.81769
1714176000000,63780.78,63920.06,62444.0,63450.0,125.56769
1714262400000,63456.48,64315.58,62802.43,63123.22,111.37479
1714348800000,63077.71,64230.0,61838.32,63893.98,123.16505
1714435200000,63890.21,64746.98,59289.83,60727.69,220.06351
1714521600000,60769.55,60926.22,56617.03,58434.44,240.13851
1714608000000,58445.43,59647.05,57026.64,59135.0,167.21701
1714694400000,59131.76,63318.59,58000.0,62867.3,172.42379
1714780800000,62896.6,64522.42,62300.0,63900.0,107.39947
1714867200000,63900.0,64653.46,62913.04,64037.98,85.48263
1714953600000,64043.71,65490.37,62750.01,63184.74,121.84691
1715040000000,63205.22,64392.6,62250.0,62356.77,99.99893
1715126400000,62356.77,63333.33,60951.0,61262.0,118.4048
1715212800000,61261.98,63411.71,60691.87,63077.54,101.76185
1715299200000,63078.53,63457.04,60233.8,60830.44,124.42729
1715385600000,60836.01,61550.4,60538.47,60888.78,48.39962
1715472000000,60861.15,61874.99,60677.78,61536.42,75.00661
1715558400000,61544.0,63441.66,60822.53,62973.42,139.45536
1715644800000,62973.43,63129.99,61186.41,61600.76,108.43587
1715731200000,61619.97,66412.45,61392.96,66212.79,152.19468
1715817600000,66261.15,66700.0,64620.0,65222.07,99.54313
1715904000000,65221.41,67425.97,65097.2,67000.67,80.55207
1715990400000,67011.57,67343.05,66600.0,66882.65,63.93789
1716076800000,66884.23,67655.0,65890.0,66281.1,76.65053
1716163200000,66281.1,71394.94,66071.28,71335.44,226.69599
1716249600000,71350.0,71814.8,69190.0,70181.05,149.46699
1716336000000,70186.5,70636.29,68593.8,69193.53,102.92358
1716422400000,69194.77,70100.0,66416.83,68025.0,119.72067
1716508800000,68031.2,69276.66,66692.4,68625.97,88.24277
1716595200000,68621.19,69633.33,68572.08,69331.23,36.95018
1716681600000,69331.45,69572.59,68260.01,68530.91,29.83612
1716768000000,68539.31,70667.0,68323.8,69483.0,98.22693
1716854400000,69489.62,69622.0,67339.95,68430.94,81.11876
1716940800000,68443.14,68951.99,67222.0,67735.37,55.75302
1717027200000,67718.77,69520.0,67202.59,68384.69,71.33575
1717113600000,68406.75,69065.16,66762.7,67584.95,93.25737
1717200000000,67615.82,67936.0,67500.0,67846.48,32.04595
1717286400000,67834.66,68491.99,67350.01,67857.14,55.97664
1717372800000,67850.25,70293.95,67700.0,68862.39,91.05702
1717459200000,68862.4,71079.81,68619.38,70600.64,92.63886
1717545600000,70584.85,71788.0,70467.0,71138.29,91.53327
1717632000000,71157.58,71698.99,70230.25,70869.1,60.5849
1717718400000,70848.11,72000.0,68568.62,69433.17,136.93581
1717804800000,69399.0,69634.25,69114.0,69396.02,31.04731
1717891200000,69388.4,69919.02,69233.0,69728.55,38.42729
1717977600000,69721.92,70246.13,69265.24,69646.64,83.42014
1718064000000,69628.75,69672.59,66227.34,67474.59,178.89214
1718150400000,67461.06,70100.0,67070.0,68362.8,235.4211
1718236800000,68389.99,68510.0,66437.0,66974.75,116.85637
1718323200000,66955.23,67516.44,65310.0,66243.3,92.8793
1718409600000,66237.86,66620.01,66036.36,66401.76,30.81513
1718496000000,66403.45,67140.84,66223.51,66872.85,37.93002
1718582400000,66847.4,67501.89,65399.91,66763.62,90.99435
1718668800000,66701.81,66794.02,64360.01,65457.12,176.75571
1718755200000,65441.39,65974.8,64974.56,65289.7,69.06575
1718841600000,65259.6,66580.0,64684.15,64971.15,101.54447
1718928000000,64991.72,65182.09,63504.98,64232.55,87.35615
1719014400000,64251.75,64609.99,64030.01,64345.82,18.89119
1719100800000,64372.74,64610.13,63315.03,63323.38,21.06829
1719187200000,63345.6,63489.89,58556.75,60389.96,160.91583
1719273600000,60370.23,62487.9,60330.01,61890.93,95.01482
1719360000000,61890.92,62574.26,60834.26,60987.08,54.36387
1719446400000,60975.35,62455.55,60739.73,61746.12,63.44396
1719532800000,61797.0,62307.68,60150.0,60477.02,69.36467
1719619200000,60504.19,61268.84,60477.02,61028.82,28.24503
1719705600000,61041.73,63073.06,60770.01,62823.83,48.61555
1719792000000,62811.05,63885.91,62578.88,62976.79,74.8446
1719878400000,62961.17,63339.08,61911.46,62197.61,51.41741
1719964800000,62218.18,62365.45,59506.85,60309.87,81.74261
1720051200000,60309.87,60588.22,56743.58,57096.89,169.04625
1720137600000,57089.0,57585.79,53000.0,56655.33,315.48607
1720224000000,56665.43,58485.93,56069.05,58236.05,71.54947
1720310400000,58249.67,58470.57,55775.79,55903.4,122.73001
1720396800000,55903.76,58244.44,54346.86,56778.01,252.47469
1720483200000,56755.41,58300.0,56343.04,58062.85,124.98381
1720569600000,58087.99,60000.0,57228.92,57777.07,148.1433
1720656000000,57788.6,59545.83,57122.84,57410.15,135.34604
1720742400000,57420.42,58577.99,56643.29,57964.26,136.31599
1720828800000,57981.35,59886.0,57838.75,59275.14,132.53307
1720915200000,59263.71,61700.0,59243.08,60898.83,174.7779
1721001600000,60868.76,64908.23,60750.0,64766.09,296.61546
1721088000000,64753.18,65430.58,62455.47,65089.23,299.7945
1721174400000,65097.04,66140.85,63960.59,64178.44,182.64701
1721260800000,64165.2,65123.27,63250.0,63967.51,147.13076
1721347200000,63997.12,67325.99,63300.72,66599.82,170.47034
1721433600000,66606.5,67566.33,66212.01,67103.48,56.52497
1721520000000,67154.64,68299.99,65767.07,68086.14,114.73197
1721606400000,68100.0,68408.48,66444.0,67514.64,94.46977
1721692800000,67498.37,67708.22,65487.47,65973.75,111.19762
1721779200000,65979.28,67000.0,60936.39,65302.56,96.31215
1721865600000,65300.47,66127.24,63429.69,65778.45,65.69703
1721952000000,65806.65,68154.22,65715.78,67857.15,48.81723
1722038400000,67901.21,69360.47,66652.21,67899.43,80.37259
1722124800000,67809.2,68296.14,67074.07,68235.1,24.83711
1722211200000,68252.61,69999.0,66460.8,66821.72,76.79411
1722297600000,66780.02,66968.47,65302.21,66169.99,39.90852
1722384000000,66180.13,66844.0,64553.73,64640.66,47.59245
1722470400000,64640.65,65674.35,62348.01,65437.33,62.21354
1722556800000,65398.24,65632.7,61294.1,61541.51,68.46989
1722643200000,61541.51,62234.17,59912.49,60731.77,53.2828
1722729600000,60723.07,61270.34,57250.02,58213.02,57.60619
1722816000000,58198.75,58369.08,49157.32,54054.83,376.16749
1722902400000,54054.83,57093.32,54019.04,56098.59,39.12541
1722988800000,56141.43,58200.0,54605.08,55163.53,31.65734
1723075200000,55158.41,62751.63,54784.16,61735.76,44.37601
1723161600000,61741.42,61803.77,59610.4,60889.71,31.99774
1723248000000,60887.77,61514.17,60300.71,60981.23,12.01826
1723334400000,60988.64,61888.47,58388.04,58780.27,23.03775
1723420800000,58776.49,60739.72,57727.4,59408.78,38.22983
1723507200000,59390.97,61600.0,58488.88,60622.92,29.64311
1723593600000,60630.17,61800.6,58520.98,58749.13,32.46143
1723680000000,58749.39,59909.74,56100.0,57607.97,29.41001
1723766400000,57597.88,59867.25,57160.51,58916.64,29.55453
1723852800000,58923.62,59750.0,58846.87,59530.53,9.00255
1723939200000,59538.88,60305.55,58468.58,58486.84,20.72265
1724025600000,58488.0,59654.0,57895.16,59506.84,22.89539
1724112000000,59506.64,61423.57,58615.88,59029.09,40.08944
1724198400000,59022.49,61842.13,58817.0,61174.65,41.12063
1724284800000,61192.38,61422.0,59777.0,60379.66,34.24206
1724371200000,60382.8,64919.02,60363.75,64019.63,59.41987
1724457600000,64027.39,64477.0,63551.79,64160.0,28.43778
1724544000000,64155.94,65000.0,63800.0,64230.59,22.40248
1724630400000,64227.33,64475.81,62826.03,62860.93,35.99183
1724716800000,62842.85,63202.5,58104.0,59441.01,47.10904
1724803200000,59420.8,60253.57,57911.72,59063.14,46.30976
1724889600000,59094.51,61201.0,58752.8,59409.74,27.20117
1724976000000,59399.2,59961.0,57776.91,59187.43,30.4652
1725062400000,59164.22,59507.5,58812.59,59034.76,6.95669
1725148800000,59029.56,59105.34,57283.05,57429.35,30.02262
1725235200000,57370.59,59487.16,57213.25,59203.06,28.1585
1725321600000,59222.73,59879.0,57360.12,57577.88,24.16801
1725408000000,57565.63,58596.15,55727.11,58057.95,28.29503
1725494400000,58088.4,58400.86,55756.42,56271.51,25.51502
1725580800000,56274.05,57088.23,52616.29,54053.9,55.41971
1725667200000,54049.0,54927.86,53841.0,54247.04,11.49701
1725753600000,54265.91,55369.98,53725.0,54925.91,15.66469
1725840000000,54949.06,58154.04,54683.94,57093.36,27.48084
1725926400000,57125.21,58117.64,56479.27,57716.8,15.48526
1726012800000,57722.99,58076.92,55661.32,57418.6,20.1012
1726099200000,57444.02,58654.0,57375.53,58229.24,19.49361
1726185600000,58252.26,60882.31,57756.48,60605.51,29.83707
1726272000000,60611.17,60695.44,59342.74,60083.86,11.70394
1726358400000,60079.66,60473.46,58678.01,59241.77,10.28819
1726444800000,59229.12,59305.98,57618.1,58282.73,14.49859
1726531200000,58279.19,61404.01,57718.33,60386.82,26.93627
1726617600000,60396.14,61852.33,59277.0,61787.97,26.37915
1726704000000,61852.33,63922.23,61637.57,63009.58,28.92797
1726790400000,63043.06,64176.47,62421.49,63276.46,16.97851
1726876800000,63276.92,63616.66,62851.74,63449.41,4.60859
1726963200000,63510.25,64050.0,62450.0,63681.0,13.93285
1727049600000,63656.69,64789.21,62641.0,63400.19,17.70339
1727136000000,63424.34,64743.43,62782.56,64312.0,16.95549
1727222400000,64313.2,64851.18,63005.0,63230.37,16.7834
1727308800000,63214.39,65874.55,62799.98,65249.11,27.64607
1727395200000,65232.17,66606.14,64801.72,65838.93,19.52205
1727481600000,65877.89,66701.04,65400.0,65943.8,5.67694
1727568000000,65934.64,66140.16,65511.81,65724.15,5.46497
1727654400000,65677.33,65694.29,62977.57,63446.61,24.12506
1727740800000,63461.53,64226.2,60335.17,61049.09,21.03839
1727827200000,60980.96,62532.06,60180.94,60824.3,20.70421
1727913600000,60831.7,61639.4,60097.76,61062.42,22.51742
1728000000000,61051.82,62612.56,60788.0,62204.49,13.92696
1728086400000,62232.99,62506.98,60000.0,62194.05,8.6992
1728172800000,62217.79,63172.63,61954.58,62953.16,9.68098
1728259200000,62953.86,64599.29,62296.81,62391.45,14.61175
1728345600000,62387.17,63325.63,62028.52,62289.45,7.61748
1728432000000,62280.73,62673.63,60500.0,60818.69,13.86042
1728518400000,60823.32,61477.59,59158.18,60500.0,13.06695
1728604800000,60490.03,63577.56,60294.0,62718.56,13.53499
1728691200000,62725.16,63627.52,62683.71,63353.22,9.91531
1728777600000,63341.01,63427.63,62202.04,63000.34,7.5622
1728864000000,63019.71,66623.3,62612.24,66215.93,30.06514
1728950400000,66241.18,68061.76,64304.31,67254.09,31.35352
1729036800000,67294.61,68545.45,66910.0,67791.84,23.24609
1729123200000,67791.84,68115.43,66880.41,67597.58,20.20034
1729209600000,67572.66,69115.92,67366.25,68565.87,19.97301
1729296000000,68558.78,68813.46,68148.19,68510.89,5.40881
1729382400000,68524.45,69515.68,68251.98,69136.26,8.97313
1729468800000,69168.24,69633.0,67000.65,67533.33,14.13217
1729555200000,67536.21,67990.78,66764.7,67589.98,15.13127
1729641600000,67605.83,67605.83,65489.45,66927.04,16.73433
1729728000000,66885.1,69095.98,66733.98,68431.62,16.13307
1729814400000,68483.97,68902.02,65815.25,66973.96,20.77263
1729900800000,66896.5,67600.0,66625.0,67283.88,4.23534
1729987200000,67276.66,68518.77,67120.72,68205.17,6.95533
1730073600000,68250.27,70495.16,67763.0,70181.81,20.9868
1730160000000,70197.05,73894.0,70013.61,73038.15,35.83902
1730246400000,73038.59,73295.21,71852.4,72791.94,26.55571
1730332800000,72775.38,73155.43,70000.0,70800.0,20.56929
1730419200000,70784.6,71836.53,69069.87,69767.88,22.10728
1730505600000,69727.31,70154.87,69228.62,69618.97,6.8737
1730592000000,69636.35,69636.35,67766.58,69079.82,22.95632
1730678400000,69060.05,69764.7,67189.46,68181.13,20.00992
1730764800000,68166.76,70909.06,67823.52,69840.46,16.17802
1730851200000,69848.3,76846.37,69764.7,76083.17,66.70418
1730937600000,76114.45,77309.0,74841.59,76409.68,29.52394
1731024000000,76484.68,77299.27,75800.0,76658.09,20.26336
1731110400000,76642.08,77043.27,75880.59,76894.11,10.78048
1731196800000,76850.21,81577.0,76683.29,80425.68,44.24202
1731283200000,80449.57,89602.03,80261.11,88792.21,54.64207
1731369600000,88785.41,89950.0,82000.0,88001.96,62.56142
1731456000000,88003.1,93522.76,86277.23,90957.37,48.51087
1731542400000,90920.56,92342.38,86913.13,87541.07,30.91143
1731628800000,87532.78,92044.24,87343.52,91257.79,19.528
1731715200000,91312.96,91975.08,90393.47,90726.08,10.59836
1731801600000,90743.16,91599.8,88915.15,90018.95,11.00065
1731888000000,90029.2,92634.23,89515.51,90586.46,22.51407
1731974400000,90571.72,93999.0,90480.94,92333.33,16.42073
1732060800000,92362.22,94960.95,91595.43,94333.84,14.36196
1732147200000,94338.88,98976.32,94127.05,98424.24,25.66058
1732233600000,98423.16,99619.38,97216.42,98872.93,19.59445
1732320000000,98867.83,98907.83,97241.13,97825.73,7.4603
1732406400000,97780.2,98642.35,95898.91,98072.14,9.51746
1732492800000,98042.83,99000.0,92710.8,93122.74,14.38569
1732579200000,93105.53,95098.56,90478.88,91708.69,23.88992
1732665600000,91707.88,96968.89,91540.94,95697.42,11.32285
1732752000000,95604.95,96534.54,94500.0,95468.31,6.82352
1732838400000,95526.59,98424.1,95208.76,97356.23,7.52059
1732924800000,97315.71,97315.71,95924.32,96241.28,5.06917
1733011200000,96279.89,97666.05,95580.82,97010.85,6.05223
1733097600000,97020.58,97867.89,94300.0,95723.36,10.65642
1733184000000,95728.94,96176.71,93073.98,95409.94,13.60815
1733270400000,95391.23,98629.0,94285.71,98230.35,20.62676
1733356800000,98199.46,103435.28,91609.49,96489.22,54.39596
1733443200000,96431.35,100814.02,94569.55,98600.0,26.55111
1733529600000,98695.11,99259.49,96167.0,97733.7,9.06056
1733616000000,97733.42,98728.25,96156.42,98544.84,17.77981
1733702400000,98556.5,98824.51,92263.83,95474.43,35.08026
1733788800000,95436.18,97051.46,93396.35,95686.26,24.41124
1733875200000,95685.94,99938.62,94613.98,99169.64,21.13813
1733961600000,99231.8,102100.76,97839.95,99688.03,19.25805
1734048000000,99676.03,101438.17,98892.76,101031.78,5.35001
1734134400000,101019.88,102221.0,100201.05,100923.69,13.09393
1734220800000,100946.27,104658.97,100814.09,103783.57,5.16585
1734307200000,103930.07,107400.0,102792.08,105682.5,9.27816
1734393600000,105698.73,107921.17,105019.9,105746.22,8.41492
1734480000000,105753.83,106108.46,99848.27,100021.39,13.03704
1734566400000,100021.39,102608.71,95445.0,97232.33,15.24935
1734652800000,97233.37,98005.54,91817.0,97554.99,16.86587
1734739200000,97560.84,100000.0,96292.71,97140.59,8.02253
1734825600000,96962.97,97280.32,93443.74,95032.52,5.19082
1734912000000,95067.42,97216.25,92300.0,94702.07,8.18956
1734998400000,94711.67,99539.0,93460.87,98595.84,10.39118
1735084800000,98625.0,99438.05,97590.99,99299.29,5.0796
1735171200000,99404.31,99821.29,94672.47,95757.91,7.02744
1735257600000,95696.86,97401.92,93490.88,94185.56,6.10246
1735344000000,94176.01,95590.06,93835.09,95245.07,3.72711
1735430400000,95112.19,95742.18,92936.29,93680.37,5.02756
1735516800000,93571.62,94926.54,91000.0,92729.4,9.25961
1735603200000,92720.27,96246.09,91989.73,93571.47,5.82703
